[{"model": "admin.logentry", "pk": 1, "fields": {"action_time": "2020-12-03T03:04:48.644Z", "user": 1, "content_type": null, "object_id": "1", "object_repr": "test", "action_flag": 1, "change_message": "[{\"added\": {}}]"}}, {"model": "admin.logentry", "pk": 2, "fields": {"action_time": "2020-12-03T03:07:26.299Z", "user": 2, "content_type": null, "object_id": "2", "object_repr": "test2", "action_flag": 1, "change_message": "[{\"added\": {}}]"}}, {"model": "admin.logentry", "pk": 3, "fields": {"action_time": "2020-12-09T03:23:29.361Z", "user": 1, "content_type": null, "object_id": "1", "object_repr": "Office365", "action_flag": 1, "change_message": "[{\"added\": {}}]"}}, {"model": "admin.logentry", "pk": 4, "fields": {"action_time": "2020-12-09T03:24:54.692Z", "user": 1, "content_type": null, "object_id": "1", "object_repr": "Office365", "action_flag": 2, "change_message": "[]"}}, {"model": "admin.logentry", "pk": 5, "fields": {"action_time": "2020-12-09T03:25:20.753Z", "user": 1, "content_type": null, "object_id": "2", "object_repr": "Googleアプリ", "action_flag": 1, "change_message": "[{\"added\": {}}]"}}, {"model": "admin.logentry", "pk": 6, "fields": {"action_time": "2020-12-09T03:25:53.015Z", "user": 1, "content_type": null, "object_id": "3", "object_repr": "Web会議システム", "action_flag": 1, "change_message": "[{\"added\": {}}]"}}, {"model": "admin.logentry", "pk": 7, "fields": {"action_time": "2020-12-09T03:26:02.626Z", "user": 1, "content_type": null, "object_id": "4", "object_repr": "Windows", "action_flag": 1, "change_message": "[{\"added\": {}}]"}}, {"model": "admin.logentry", "pk": 8, "fields": {"action_time": "2020-12-09T03:26:12.776Z", "user": 1, "content_type": null, "object_id": "5", "object_repr": "Mac", "action_flag": 1, "change_message": "[{\"added\": {}}]"}}, {"model": "admin.logentry", "pk": 9, "fields": {"action_time": "2020-12-09T03:26:24.519Z", "user": 1, "content_type": null, "object_id": "6", "object_repr": "便利ツール", "action_flag": 1, "change_message": "[{\"added\": {}}]"}}, {"model": "admin.logentry", "pk": 10, "fields": {"action_time": "2020-12-09T03:27:27.993Z", "user": 1, "content_type": null, "object_id": "1", "object_repr": "Word", "action_flag": 2, "change_message": "[{\"changed\": {\"fields\": [\"Parent\", \"Name\", \"Slug\"]}}]"}}, {"model": "admin.logentry", "pk": 11, "fields": {"action_time": "2020-12-09T03:27:37.954Z", "user": 1, "content_type": null, "object_id": "1", "object_repr": "Word", "action_flag": 2, "change_message": "[]"}}, {"model": "admin.logentry", "pk": 12, "fields": {"action_time": "2020-12-09T03:28:01.924Z", "user": 1, "content_type": null, "object_id": "2", "object_repr": "Excel", "action_flag": 2, "change_message": "[{\"changed\": {\"fields\": [\"Parent\", \"Name\", \"Slug\"]}}]"}}, {"model": "admin.logentry", "pk": 13, "fields": {"action_time": "2020-12-09T03:28:52.164Z", "user": 1, "content_type": null, "object_id": "3", "object_repr": "Power Point", "action_flag": 1, "change_message": "[{\"added\": {}}]"}}, {"model": "admin.logentry", "pk": 14, "fields": {"action_time": "2020-12-09T03:32:49.611Z", "user": 1, "content_type": null, "object_id": "4", "object_repr": "Gmail", "action_flag": 1, "change_message": "[{\"added\": {}}]"}}, {"model": "admin.logentry", "pk": 15, "fields": {"action_time": "2020-12-09T03:34:05.272Z", "user": 1, "content_type": null, "object_id": "5", "object_repr": "スプレッドシート", "action_flag": 1, "change_message": "[{\"added\": {}}]"}}, {"model": "admin.logentry", "pk": 16, "fields": {"action_time": "2020-12-09T03:34:27.634Z", "user": 1, "content_type": null, "object_id": "6", "object_repr": "ドライブ", "action_flag": 1, "change_message": "[{\"added\": {}}]"}}, {"model": "admin.logentry", "pk": 17, "fields": {"action_time": "2020-12-09T03:35:34.006Z", "user": 1, "content_type": null, "object_id": "7", "object_repr": "Zoom", "action_flag": 1, "change_message": "[{\"added\": {}}]"}}, {"model": "admin.logentry", "pk": 18, "fields": {"action_time": "2020-12-09T03:35:55.145Z", "user": 1, "content_type": null, "object_id": "8", "object_repr": "Skype", "action_flag": 1, "change_message": "[{\"added\": {}}]"}}, {"model": "admin.logentry", "pk": 19, "fields": {"action_time": "2020-12-09T03:36:18.912Z", "user": 1, "content_type": null, "object_id": "9", "object_repr": "Slack", "action_flag": 1, "change_message": "[{\"added\": {}}]"}}, {"model": "admin.logentry", "pk": 20, "fields": {"action_time": "2020-12-09T03:37:56.104Z", "user": 1, "content_type": null, "object_id": "10", "object_repr": "便利なショートカットキー", "action_flag": 1, "change_message": "[{\"added\": {}}]"}}, {"model": "admin.logentry", "pk": 21, "fields": {"action_time": "2020-12-09T03:38:54.908Z", "user": 1, "content_type": null, "object_id": "11", "object_repr": "おすすめの設定", "action_flag": 1, "change_message": "[{\"added\": {}}]"}}, {"model": "admin.logentry", "pk": 22, "fields": {"action_time": "2020-12-09T03:40:17.754Z", "user": 1, "content_type": null, "object_id": "10", "object_repr": "便利なショートカットキー", "action_flag": 2, "change_message": "[{\"changed\": {\"fields\": [\"Slug\"]}}]"}}, {"model": "admin.logentry", "pk": 23, "fields": {"action_time": "2020-12-09T03:40:31.094Z", "user": 1, "content_type": null, "object_id": "11", "object_repr": "おすすめの設定", "action_flag": 2, "change_message": "[{\"changed\": {\"fields\": [\"Slug\"]}}]"}}, {"model": "admin.logentry", "pk": 24, "fields": {"action_time": "2020-12-09T03:41:25.059Z", "user": 1, "content_type": null, "object_id": "12", "object_repr": "便利なショートカットキー", "action_flag": 1, "change_message": "[{\"added\": {}}]"}}, {"model": "admin.logentry", "pk": 25, "fields": {"action_time": "2020-12-09T03:41:57.811Z", "user": 1, "content_type": null, "object_id": "13", "object_repr": "おすすめの設定", "action_flag": 1, "change_message": "[{\"added\": {}}]"}}, {"model": "admin.logentry", "pk": 26, "fields": {"action_time": "2020-12-09T03:42:04.738Z", "user": 1, "content_type": null, "object_id": "11", "object_repr": "おすすめの設定", "action_flag": 2, "change_message": "[{\"changed\": {\"fields\": [\"Slug\"]}}]"}}, {"model": "admin.logentry", "pk": 27, "fields": {"action_time": "2020-12-09T03:48:30.105Z", "user": 1, "content_type": null, "object_id": "1", "object_repr": "Word 使い方", "action_flag": 1, "change_message": "[{\"added\": {}}]"}}, {"model": "admin.logentry", "pk": 28, "fields": {"action_time": "2020-12-09T04:16:26.756Z", "user": 1, "content_type": null, "object_id": "2", "object_repr": "Excel 使い方", "action_flag": 1, "change_message": "[{\"added\": {}}]"}}, {"model": "admin.logentry", "pk": 29, "fields": {"action_time": "2020-12-09T04:17:29.543Z", "user": 1, "content_type": null, "object_id": "3", "object_repr": "pptの使い方", "action_flag": 1, "change_message": "[{\"added\": {}}]"}}, {"model": "admin.logentry", "pk": 30, "fields": {"action_time": "2020-12-09T04:18:26.944Z", "user": 1, "content_type": null, "object_id": "4", "object_repr": "Gmailの使い方", "action_flag": 1, "change_message": "[{\"added\": {}}]"}}, {"model": "admin.logentry", "pk": 31, "fields": {"action_time": "2020-12-09T04:19:28.367Z", "user": 1, "content_type": null, "object_id": "5", "object_repr": "スプレッドシートの使い方", "action_flag": 1, "change_message": "[{\"added\": {}}]"}}, {"model": "admin.logentry", "pk": 32, "fields": {"action_time": "2020-12-09T04:20:24.625Z", "user": 1, "content_type": null, "object_id": "6", "object_repr": "ドライブの使い方", "action_flag": 1, "change_message": "[{\"added\": {}}]"}}, {"model": "admin.logentry", "pk": 33, "fields": {"action_time": "2020-12-10T02:51:55.242Z", "user": 1, "content_type": null, "object_id": "6", "object_repr": "ドライブの使い方", "action_flag": 2, "change_message": "[{\"changed\": {\"fields\": [\"Published at\"]}}]"}}, {"model": "admin.logentry", "pk": 34, "fields": {"action_time": "2020-12-10T08:38:35.857Z", "user": 1, "content_type": null, "object_id": "14", "object_repr": "Office365", "action_flag": 1, "change_message": "[{\"added\": {}}]"}}, {"model": "admin.logentry", "pk": 35, "fields": {"action_time": "2020-12-10T08:39:54.102Z", "user": 1, "content_type": null, "object_id": "15", "object_repr": "Googleアプリ", "action_flag": 1, "change_message": "[{\"added\": {}}]"}}, {"model": "admin.logentry", "pk": 36, "fields": {"action_time": "2020-12-10T08:40:56.908Z", "user": 1, "content_type": null, "object_id": "16", "object_repr": "Web会議システム", "action_flag": 1, "change_message": "[{\"added\": {}}]"}}, {"model": "admin.logentry", "pk": 37, "fields": {"action_time": "2020-12-10T08:41:16.062Z", "user": 1, "content_type": null, "object_id": "17", "object_repr": "Windows", "action_flag": 1, "change_message": "[{\"added\": {}}]"}}, {"model": "admin.logentry", "pk": 38, "fields": {"action_time": "2020-12-10T08:41:29.655Z", "user": 1, "content_type": null, "object_id": "18", "object_repr": "Mac", "action_flag": 1, "change_message": "[{\"added\": {}}]"}}, {"model": "admin.logentry", "pk": 39, "fields": {"action_time": "2020-12-10T08:42:46.643Z", "user": 1, "content_type": null, "object_id": "19", "object_repr": "便利ツール", "action_flag": 1, "change_message": "[{\"added\": {}}]"}}, {"model": "admin.logentry", "pk": 40, "fields": {"action_time": "2020-12-10T08:42:58.133Z", "user": 1, "content_type": null, "object_id": "1", "object_repr": "Word", "action_flag": 2, "change_message": "[{\"changed\": {\"fields\": [\"Parent\"]}}]"}}, {"model": "admin.logentry", "pk": 41, "fields": {"action_time": "2020-12-10T08:43:05.581Z", "user": 1, "content_type": null, "object_id": "2", "object_repr": "Excel", "action_flag": 2, "change_message": "[{\"changed\": {\"fields\": [\"Parent\"]}}]"}}, {"model": "admin.logentry", "pk": 42, "fields": {"action_time": "2020-12-10T08:43:12.504Z", "user": 1, "content_type": null, "object_id": "3", "object_repr": "Power Point", "action_flag": 2, "change_message": "[{\"changed\": {\"fields\": [\"Parent\"]}}]"}}, {"model": "admin.logentry", "pk": 43, "fields": {"action_time": "2020-12-10T08:43:31.994Z", "user": 1, "content_type": null, "object_id": "4", "object_repr": "Gmail", "action_flag": 2, "change_message": "[{\"changed\": {\"fields\": [\"Parent\"]}}]"}}, {"model": "admin.logentry", "pk": 44, "fields": {"action_time": "2020-12-10T08:43:38.579Z", "user": 1, "content_type": null, "object_id": "4", "object_repr": "Gmail", "action_flag": 2, "change_message": "[]"}}, {"model": "admin.logentry", "pk": 45, "fields": {"action_time": "2020-12-10T08:43:45.836Z", "user": 1, "content_type": null, "object_id": "5", "object_repr": "スプレッドシート", "action_flag": 2, "change_message": "[{\"changed\": {\"fields\": [\"Parent\"]}}]"}}, {"model": "admin.logentry", "pk": 46, "fields": {"action_time": "2020-12-10T08:44:10.870Z", "user": 1, "content_type": null, "object_id": "5", "object_repr": "スプレッドシート", "action_flag": 2, "change_message": "[]"}}, {"model": "admin.logentry", "pk": 47, "fields": {"action_time": "2020-12-10T08:44:24.982Z", "user": 1, "content_type": null, "object_id": "6", "object_repr": "ドライブ", "action_flag": 2, "change_message": "[{\"changed\": {\"fields\": [\"Parent\"]}}]"}}, {"model": "admin.logentry", "pk": 48, "fields": {"action_time": "2020-12-10T08:44:34.281Z", "user": 1, "content_type": null, "object_id": "7", "object_repr": "Zoom", "action_flag": 2, "change_message": "[{\"changed\": {\"fields\": [\"Parent\"]}}]"}}, {"model": "admin.logentry", "pk": 49, "fields": {"action_time": "2020-12-10T08:44:43.090Z", "user": 1, "content_type": null, "object_id": "8", "object_repr": "Skype", "action_flag": 2, "change_message": "[{\"changed\": {\"fields\": [\"Parent\"]}}]"}}, {"model": "admin.logentry", "pk": 50, "fields": {"action_time": "2020-12-10T08:44:51.192Z", "user": 1, "content_type": null, "object_id": "9", "object_repr": "Slack", "action_flag": 2, "change_message": "[{\"changed\": {\"fields\": [\"Parent\"]}}]"}}, {"model": "admin.logentry", "pk": 51, "fields": {"action_time": "2020-12-10T08:45:13.415Z", "user": 1, "content_type": null, "object_id": "10", "object_repr": "便利なショートカットキー", "action_flag": 2, "change_message": "[{\"changed\": {\"fields\": [\"Parent\"]}}]"}}, {"model": "admin.logentry", "pk": 52, "fields": {"action_time": "2020-12-10T08:45:20.199Z", "user": 1, "content_type": null, "object_id": "11", "object_repr": "おすすめの設定", "action_flag": 2, "change_message": "[{\"changed\": {\"fields\": [\"Parent\"]}}]"}}, {"model": "admin.logentry", "pk": 53, "fields": {"action_time": "2020-12-10T08:46:03.213Z", "user": 1, "content_type": null, "object_id": "11", "object_repr": "おすすめの設定", "action_flag": 2, "change_message": "[]"}}, {"model": "admin.logentry", "pk": 54, "fields": {"action_time": "2020-12-10T08:46:13.511Z", "user": 1, "content_type": null, "object_id": "12", "object_repr": "便利なショートカットキー", "action_flag": 2, "change_message": "[{\"changed\": {\"fields\": [\"Parent\"]}}]"}}, {"model": "admin.logentry", "pk": 55, "fields": {"action_time": "2020-12-10T08:46:30.763Z", "user": 1, "content_type": null, "object_id": "13", "object_repr": "おすすめの設定", "action_flag": 2, "change_message": "[{\"changed\": {\"fields\": [\"Parent\"]}}]"}}, {"model": "admin.logentry", "pk": 56, "fields": {"action_time": "2020-12-11T03:50:08.694Z", "user": 1, "content_type": null, "object_id": "7", "object_repr": "pptを使った効果的な資料の作り", "action_flag": 1, "change_message": "[{\"added\": {}}]"}}, {"model": "admin.logentry", "pk": 57, "fields": {"action_time": "2020-12-11T03:50:37.172Z", "user": 1, "content_type": null, "object_id": "1", "object_repr": "ppt", "action_flag": 1, "change_message": "[{\"added\": {}}]"}}, {"model": "admin.logentry", "pk": 58, "fields": {"action_time": "2020-12-11T04:00:48.712Z", "user": 1, "content_type": null, "object_id": "7", "object_repr": "pptを使った効果的な資料の作り方", "action_flag": 2, "change_message": "[{\"changed\": {\"fields\": [\"Tags\", \"Title\", \"Content\", \"Description\", \"Published at\"]}}]"}}, {"model": "admin.logentry", "pk": 59, "fields": {"action_time": "2020-12-12T01:26:07.802Z", "user": 1, "content_type": null, "object_id": "7", "object_repr": "pptを使った効果的な資料の作り方", "action_flag": 2, "change_message": "[{\"changed\": {\"fields\": [\"Content\"]}}]"}}, {"model": "admin.logentry", "pk": 60, "fields": {"action_time": "2020-12-12T01:28:43.580Z", "user": 1, "content_type": null, "object_id": "7", "object_repr": "pptを使った効果的な資料の作り方", "action_flag": 2, "change_message": "[{\"changed\": {\"fields\": [\"Content\"]}}]"}}, {"model": "admin.logentry", "pk": 61, "fields": {"action_time": "2020-12-12T02:06:32.601Z", "user": 1, "content_type": null, "object_id": "7", "object_repr": "pptを使った効果的な資料の作り方", "action_flag": 2, "change_message": "[{\"changed\": {\"fields\": [\"Content\"]}}]"}}, {"model": "admin.logentry", "pk": 62, "fields": {"action_time": "2020-12-12T02:13:26.839Z", "user": 1, "content_type": null, "object_id": "7", "object_repr": "pptを使った効果的な資料の作り方", "action_flag": 2, "change_message": "[{\"changed\": {\"fields\": [\"Content\"]}}]"}}, {"model": "admin.logentry", "pk": 63, "fields": {"action_time": "2020-12-12T02:38:39.390Z", "user": 1, "content_type": null, "object_id": "7", "object_repr": "pptを使った効果的な資料の作り方", "action_flag": 2, "change_message": "[{\"changed\": {\"fields\": [\"Content\"]}}]"}}, {"model": "admin.logentry", "pk": 64, "fields": {"action_time": "2020-12-12T05:48:11.264Z", "user": 1, "content_type": null, "object_id": "7", "object_repr": "pptを使った効果的な資料の作り方", "action_flag": 2, "change_message": "[{\"changed\": {\"fields\": [\"Content\"]}}]"}}, {"model": "admin.logentry", "pk": 65, "fields": {"action_time": "2020-12-12T08:13:41.735Z", "user": 1, "content_type": null, "object_id": "8", "object_repr": "pptのコツ", "action_flag": 1, "change_message": "[{\"added\": {}}]"}}, {"model": "admin.logentry", "pk": 66, "fields": {"action_time": "2020-12-14T07:45:05.653Z", "user": 1, "content_type": null, "object_id": "8", "object_repr": "pptのコツ", "action_flag": 2, "change_message": "[{\"changed\": {\"fields\": [\"Published at\"]}}]"}}, {"model": "admin.logentry", "pk": 67, "fields": {"action_time": "2020-12-18T03:38:50.143Z", "user": 1, "content_type": null, "object_id": "7", "object_repr": "pptを使った効果的な資料の作り方", "action_flag": 2, "change_message": "[{\"changed\": {\"fields\": [\"Is public\"]}}]"}}, {"model": "admin.logentry", "pk": 68, "fields": {"action_time": "2020-12-28T15:23:30.077Z", "user": 1, "content_type": null, "object_id": "1", "object_repr": "斉藤", "action_flag": 1, "change_message": "[{\"added\": {}}]"}}, {"model": "admin.logentry", "pk": 69, "fields": {"action_time": "2020-12-29T01:23:42.111Z", "user": 1, "content_type": null, "object_id": "1", "object_repr": "斉藤", "action_flag": 3, "change_message": ""}}, {"model": "admin.logentry", "pk": 70, "fields": {"action_time": "2020-12-29T07:21:33.519Z", "user": 1, "content_type": null, "object_id": "1", "object_repr": "斉藤", "action_flag": 1, "change_message": "[{\"added\": {}}]"}}, {"model": "admin.logentry", "pk": 71, "fields": {"action_time": "2020-12-31T06:28:30.427Z", "user": 1, "content_type": null, "object_id": "10", "object_repr": "斉藤a", "action_flag": 3, "change_message": ""}}, {"model": "admin.logentry", "pk": 72, "fields": {"action_time": "2020-12-31T06:28:30.434Z", "user": 1, "content_type": null, "object_id": "9", "object_repr": "斉藤", "action_flag": 3, "change_message": ""}}, {"model": "admin.logentry", "pk": 73, "fields": {"action_time": "2020-12-31T06:28:30.436Z", "user": 1, "content_type": null, "object_id": "8", "object_repr": "斉藤", "action_flag": 3, "change_message": ""}}, {"model": "admin.logentry", "pk": 74, "fields": {"action_time": "2020-12-31T06:28:30.437Z", "user": 1, "content_type": null, "object_id": "7", "object_repr": "書類を作る", "action_flag": 3, "change_message": ""}}, {"model": "admin.logentry", "pk": 75, "fields": {"action_time": "2020-12-31T06:28:30.439Z", "user": 1, "content_type": null, "object_id": "6", "object_repr": "エクセルのセル内で改行", "action_flag": 3, "change_message": ""}}, {"model": "admin.logentry", "pk": 76, "fields": {"action_time": "2020-12-31T06:28:30.440Z", "user": 1, "content_type": null, "object_id": "5", "object_repr": "書類を作る", "action_flag": 3, "change_message": ""}}, {"model": "admin.logentry", "pk": 77, "fields": {"action_time": "2020-12-31T06:28:30.441Z", "user": 1, "content_type": null, "object_id": "4", "object_repr": "斉藤", "action_flag": 3, "change_message": ""}}, {"model": "admin.logentry", "pk": 78, "fields": {"action_time": "2020-12-31T06:28:30.442Z", "user": 1, "content_type": null, "object_id": "3", "object_repr": "斉藤", "action_flag": 3, "change_message": ""}}, {"model": "admin.logentry", "pk": 79, "fields": {"action_time": "2020-12-31T06:28:30.443Z", "user": 1, "content_type": null, "object_id": "2", "object_repr": "あああ", "action_flag": 3, "change_message": ""}}, {"model": "admin.logentry", "pk": 80, "fields": {"action_time": "2020-12-31T06:28:30.444Z", "user": 1, "content_type": null, "object_id": "1", "object_repr": "斉藤", "action_flag": 3, "change_message": ""}}, {"model": "admin.logentry", "pk": 81, "fields": {"action_time": "2021-01-19T10:34:11.504Z", "user": 1, "content_type": null, "object_id": "7", "object_repr": "pptを使った効果的な資料の作り方", "action_flag": 2, "change_message": "[{\"changed\": {\"fields\": [\"Eye catch\"]}}]"}}, {"model": "admin.logentry", "pk": 82, "fields": {"action_time": "2021-02-07T04:42:55.689Z", "user": 1, "content_type": 28, "object_id": "12", "object_repr": "kkkkkk", "action_flag": 3, "change_message": ""}}, {"model": "admin.logentry", "pk": 83, "fields": {"action_time": "2021-02-07T04:43:00.353Z", "user": 1, "content_type": 28, "object_id": "11", "object_repr": "aaaaaaaanma,a,,a", "action_flag": 3, "change_message": ""}}, {"model": "admin.logentry", "pk": 84, "fields": {"action_time": "2021-02-07T04:43:04.011Z", "user": 1, "content_type": 28, "object_id": "10", "object_repr": "aaaaaaa", "action_flag": 3, "change_message": ""}}, {"model": "admin.logentry", "pk": 85, "fields": {"action_time": "2021-02-07T04:43:23.845Z", "user": 1, "content_type": 28, "object_id": "9", "object_repr": "test上手く行かない３３３", "action_flag": 3, "change_message": ""}}, {"model": "admin.logentry", "pk": 86, "fields": {"action_time": "2021-02-07T04:43:27.667Z", "user": 1, "content_type": 28, "object_id": "8", "object_repr": "書類を作るsssss", "action_flag": 3, "change_message": ""}}, {"model": "admin.logentry", "pk": 87, "fields": {"action_time": "2021-02-07T04:43:34.505Z", "user": 1, "content_type": 28, "object_id": "7", "object_repr": "k", "action_flag": 3, "change_message": ""}}, {"model": "admin.logentry", "pk": 88, "fields": {"action_time": "2021-02-07T04:43:39.320Z", "user": 1, "content_type": 28, "object_id": "6", "object_repr": "テスト", "action_flag": 3, "change_message": ""}}, {"model": "admin.logentry", "pk": 89, "fields": {"action_time": "2021-02-07T04:43:47.221Z", "user": 1, "content_type": 28, "object_id": "5", "object_repr": "エクセル関数使い方", "action_flag": 3, "change_message": ""}}, {"model": "admin.logentry", "pk": 90, "fields": {"action_time": "2021-02-07T04:43:51.353Z", "user": 1, "content_type": 28, "object_id": "4", "object_repr": "a", "action_flag": 3, "change_message": ""}}, {"model": "admin.logentry", "pk": 91, "fields": {"action_time": "2021-02-07T04:43:54.303Z", "user": 1, "content_type": 28, "object_id": "3", "object_repr": "wordpressの使い方", "action_flag": 3, "change_message": ""}}, {"model": "admin.logentry", "pk": 92, "fields": {"action_time": "2021-02-07T04:43:58.257Z", "user": 1, "content_type": 28, "object_id": "2", "object_repr": "エクセル　VBAがわからない", "action_flag": 3, "change_message": ""}}, {"model": "admin.logentry", "pk": 93, "fields": {"action_time": "2021-02-07T04:44:10.506Z", "user": 1, "content_type": 28, "object_id": "1", "object_repr": "ppp資料の作り方謎abcaaa", "action_flag": 3, "change_message": ""}}, {"model": "admin.logentry", "pk": 94, "fields": {"action_time": "2021-02-07T13:06:38.183Z", "user": 1, "content_type": 21, "object_id": "5", "object_repr": "Googleスプレッドシート", "action_flag": 2, "change_message": "[{\"changed\": {\"fields\": [\"Name\"]}}]"}}, {"model": "admin.logentry", "pk": 95, "fields": {"action_time": "2021-02-07T13:07:04.991Z", "user": 1, "content_type": 21, "object_id": "6", "object_repr": "Googleドライブ", "action_flag": 2, "change_message": "[{\"changed\": {\"fields\": [\"Name\"]}}]"}}, {"model": "admin.logentry", "pk": 96, "fields": {"action_time": "2021-02-07T13:07:18.222Z", "user": 1, "content_type": 21, "object_id": "10", "object_repr": "Windows便利なショートカットキー", "action_flag": 2, "change_message": "[{\"changed\": {\"fields\": [\"Name\"]}}]"}}, {"model": "admin.logentry", "pk": 97, "fields": {"action_time": "2021-02-07T13:07:27.316Z", "user": 1, "content_type": 21, "object_id": "11", "object_repr": "Windowsおすすめの設定", "action_flag": 2, "change_message": "[{\"changed\": {\"fields\": [\"Name\"]}}]"}}, {"model": "admin.logentry", "pk": 98, "fields": {"action_time": "2021-02-07T13:07:34.068Z", "user": 1, "content_type": 21, "object_id": "12", "object_repr": "Mac便利なショートカットキー", "action_flag": 2, "change_message": "[{\"changed\": {\"fields\": [\"Name\"]}}]"}}, {"model": "admin.logentry", "pk": 99, "fields": {"action_time": "2021-02-07T13:07:42.178Z", "user": 1, "content_type": 21, "object_id": "13", "object_repr": "Macおすすめの設定", "action_flag": 2, "change_message": "[{\"changed\": {\"fields\": [\"Name\"]}}]"}}, {"model": "admin.logentry", "pk": 100, "fields": {"action_time": "2021-02-08T11:52:27.447Z", "user": 1, "content_type": 23, "object_id": "1", "object_repr": "Word文章縦書きの方法", "action_flag": 2, "change_message": "[{\"changed\": {\"fields\": [\"Title\", \"Content\", \"Description\"]}}]"}}, {"model": "admin.logentry", "pk": 101, "fields": {"action_time": "2021-02-08T11:52:36.837Z", "user": 1, "content_type": 23, "object_id": "6", "object_repr": "ドライブの使い方", "action_flag": 2, "change_message": "[]"}}, {"model": "admin.logentry", "pk": 102, "fields": {"action_time": "2021-02-08T11:52:42.551Z", "user": 1, "content_type": 23, "object_id": "4", "object_repr": "Gmailの使い方", "action_flag": 2, "change_message": "[]"}}, {"model": "admin.logentry", "pk": 103, "fields": {"action_time": "2021-02-08T11:52:49.671Z", "user": 1, "content_type": 23, "object_id": "2", "object_repr": "Excel 使い方", "action_flag": 2, "change_message": "[]"}}, {"model": "admin.logentry", "pk": 104, "fields": {"action_time": "2021-02-08T11:52:55.136Z", "user": 1, "content_type": 23, "object_id": "6", "object_repr": "ドライブの使い方", "action_flag": 2, "change_message": "[]"}}, {"model": "admin.logentry", "pk": 105, "fields": {"action_time": "2021-02-08T11:53:30.527Z", "user": 1, "content_type": 23, "object_id": "8", "object_repr": "pptをきれいに見せるコツ", "action_flag": 2, "change_message": "[{\"changed\": {\"fields\": [\"Title\", \"Content\", \"Description\"]}}]"}}, {"model": "admin.logentry", "pk": 106, "fields": {"action_time": "2021-02-08T11:53:59.495Z", "user": 1, "content_type": 23, "object_id": "5", "object_repr": "Googleスプレッドシートの使い方", "action_flag": 2, "change_message": "[{\"changed\": {\"fields\": [\"Title\"]}}]"}}, {"model": "admin.logentry", "pk": 107, "fields": {"action_time": "2021-02-08T11:56:01.084Z", "user": 1, "content_type": 23, "object_id": "9", "object_repr": "gmailアカウントの取得方法", "action_flag": 1, "change_message": "[{\"added\": {}}]"}}, {"model": "admin.logentry", "pk": 108, "fields": {"action_time": "2021-02-08T11:57:12.120Z", "user": 1, "content_type": 23, "object_id": "10", "object_repr": "Excelで「必ず覚えておくべき」関数", "action_flag": 1, "change_message": "[{\"added\": {}}]"}}, {"model": "admin.logentry", "pk": 109, "fields": {"action_time": "2021-02-08T11:58:05.027Z", "user": 1, "content_type": 23, "object_id": "10", "object_repr": "Excelで「必ず覚えておくべき」関数", "action_flag": 2, "change_message": "[{\"changed\": {\"fields\": [\"Content\", \"Description\"]}}]"}}, {"model": "admin.logentry", "pk": 110, "fields": {"action_time": "2021-02-08T11:59:27.548Z", "user": 1, "content_type": 23, "object_id": "11", "object_repr": "Slackとの連携で効率化アップ", "action_flag": 1, "change_message": "[{\"added\": {}}]"}}, {"model": "admin.logentry", "pk": 111, "fields": {"action_time": "2021-02-08T12:01:00.301Z", "user": 1, "content_type": 23, "object_id": "12", "object_repr": "googleドライブを使いこなすためのポイント", "action_flag": 1, "change_message": "[{\"added\": {}}]"}}, {"model": "admin.logentry", "pk": 112, "fields": {"action_time": "2021-02-08T12:03:22.099Z", "user": 1, "content_type": 23, "object_id": "13", "object_repr": "オススメショートカットキー", "action_flag": 1, "change_message": "[{\"added\": {}}]"}}, {"model": "admin.logentry", "pk": 113, "fields": {"action_time": "2021-02-08T12:04:28.636Z", "user": 1, "content_type": 23, "object_id": "13", "object_repr": "Mac オススメショートカットキー", "action_flag": 2, "change_message": "[{\"changed\": {\"fields\": [\"Title\", \"Content\", \"Description\"]}}]"}}, {"model": "admin.logentry", "pk": 114, "fields": {"action_time": "2021-02-08T12:05:22.828Z", "user": 1, "content_type": 23, "object_id": "14", "object_repr": "google翻訳のオススメの使い方", "action_flag": 1, "change_message": "[{\"added\": {}}]"}}, {"model": "admin.logentry", "pk": 115, "fields": {"action_time": "2021-02-08T12:05:41.091Z", "user": 1, "content_type": 23, "object_id": "14", "object_repr": "google翻訳のオススメの使い方", "action_flag": 2, "change_message": "[{\"changed\": {\"fields\": [\"Content\", \"Description\"]}}]"}}, {"model": "auth.permission", "pk": 61, "fields": {"name": "Can add log entry", "content_type": 16, "codename": "add_logentry"}}, {"model": "auth.permission", "pk": 62, "fields": {"name": "Can change log entry", "content_type": 16, "codename": "change_logentry"}}, {"model": "auth.permission", "pk": 63, "fields": {"name": "Can delete log entry", "content_type": 16, "codename": "delete_logentry"}}, {"model": "auth.permission", "pk": 64, "fields": {"name": "Can view log entry", "content_type": 16, "codename": "view_logentry"}}, {"model": "auth.permission", "pk": 65, "fields": {"name": "Can add permission", "content_type": 17, "codename": "add_permission"}}, {"model": "auth.permission", "pk": 66, "fields": {"name": "Can change permission", "content_type": 17, "codename": "change_permission"}}, {"model": "auth.permission", "pk": 67, "fields": {"name": "Can delete permission", "content_type": 17, "codename": "delete_permission"}}, {"model": "auth.permission", "pk": 68, "fields": {"name": "Can view permission", "content_type": 17, "codename": "view_permission"}}, {"model": "auth.permission", "pk": 69, "fields": {"name": "Can add group", "content_type": 18, "codename": "add_group"}}, {"model": "auth.permission", "pk": 70, "fields": {"name": "Can change group", "content_type": 18, "codename": "change_group"}}, {"model": "auth.permission", "pk": 71, "fields": {"name": "Can delete group", "content_type": 18, "codename": "delete_group"}}, {"model": "auth.permission", "pk": 72, "fields": {"name": "Can view group", "content_type": 18, "codename": "view_group"}}, {"model": "auth.permission", "pk": 73, "fields": {"name": "Can add content type", "content_type": 19, "codename": "add_contenttype"}}, {"model": "auth.permission", "pk": 74, "fields": {"name": "Can change content type", "content_type": 19, "codename": "change_contenttype"}}, {"model": "auth.permission", "pk": 75, "fields": {"name": "Can delete content type", "content_type": 19, "codename": "delete_contenttype"}}, {"model": "auth.permission", "pk": 76, "fields": {"name": "Can view content type", "content_type": 19, "codename": "view_contenttype"}}, {"model": "auth.permission", "pk": 77, "fields": {"name": "Can add session", "content_type": 20, "codename": "add_session"}}, {"model": "auth.permission", "pk": 78, "fields": {"name": "Can change session", "content_type": 20, "codename": "change_session"}}, {"model": "auth.permission", "pk": 79, "fields": {"name": "Can delete session", "content_type": 20, "codename": "delete_session"}}, {"model": "auth.permission", "pk": 80, "fields": {"name": "Can view session", "content_type": 20, "codename": "view_session"}}, {"model": "auth.permission", "pk": 81, "fields": {"name": "Can add category", "content_type": 21, "codename": "add_category"}}, {"model": "auth.permission", "pk": 82, "fields": {"name": "Can change category", "content_type": 21, "codename": "change_category"}}, {"model": "auth.permission", "pk": 83, "fields": {"name": "Can delete category", "content_type": 21, "codename": "delete_category"}}, {"model": "auth.permission", "pk": 84, "fields": {"name": "Can view category", "content_type": 21, "codename": "view_category"}}, {"model": "auth.permission", "pk": 85, "fields": {"name": "Can add tag", "content_type": 22, "codename": "add_tag"}}, {"model": "auth.permission", "pk": 86, "fields": {"name": "Can change tag", "content_type": 22, "codename": "change_tag"}}, {"model": "auth.permission", "pk": 87, "fields": {"name": "Can delete tag", "content_type": 22, "codename": "delete_tag"}}, {"model": "auth.permission", "pk": 88, "fields": {"name": "Can view tag", "content_type": 22, "codename": "view_tag"}}, {"model": "auth.permission", "pk": 89, "fields": {"name": "Can add post model", "content_type": 23, "codename": "add_postmodel"}}, {"model": "auth.permission", "pk": 90, "fields": {"name": "Can change post model", "content_type": 23, "codename": "change_postmodel"}}, {"model": "auth.permission", "pk": 91, "fields": {"name": "Can delete post model", "content_type": 23, "codename": "delete_postmodel"}}, {"model": "auth.permission", "pk": 92, "fields": {"name": "Can view post model", "content_type": 23, "codename": "view_postmodel"}}, {"model": "auth.permission", "pk": 93, "fields": {"name": "Can add user", "content_type": 24, "codename": "add_customuser"}}, {"model": "auth.permission", "pk": 94, "fields": {"name": "Can change user", "content_type": 24, "codename": "change_customuser"}}, {"model": "auth.permission", "pk": 95, "fields": {"name": "Can delete user", "content_type": 24, "codename": "delete_customuser"}}, {"model": "auth.permission", "pk": 96, "fields": {"name": "Can view user", "content_type": 24, "codename": "view_customuser"}}, {"model": "auth.permission", "pk": 97, "fields": {"name": "Can add like", "content_type": 25, "codename": "add_like"}}, {"model": "auth.permission", "pk": 98, "fields": {"name": "Can change like", "content_type": 25, "codename": "change_like"}}, {"model": "auth.permission", "pk": 99, "fields": {"name": "Can delete like", "content_type": 25, "codename": "delete_like"}}, {"model": "auth.permission", "pk": 100, "fields": {"name": "Can view like", "content_type": 25, "codename": "view_like"}}, {"model": "auth.permission", "pk": 101, "fields": {"name": "Can add history", "content_type": 26, "codename": "add_history"}}, {"model": "auth.permission", "pk": 102, "fields": {"name": "Can change history", "content_type": 26, "codename": "change_history"}}, {"model": "auth.permission", "pk": 103, "fields": {"name": "Can delete history", "content_type": 26, "codename": "delete_history"}}, {"model": "auth.permission", "pk": 104, "fields": {"name": "Can view history", "content_type": 26, "codename": "view_history"}}, {"model": "auth.permission", "pk": 105, "fields": {"name": "Can add answer model", "content_type": 27, "codename": "add_answermodel"}}, {"model": "auth.permission", "pk": 106, "fields": {"name": "Can change answer model", "content_type": 27, "codename": "change_answermodel"}}, {"model": "auth.permission", "pk": 107, "fields": {"name": "Can delete answer model", "content_type": 27, "codename": "delete_answermodel"}}, {"model": "auth.permission", "pk": 108, "fields": {"name": "Can view answer model", "content_type": 27, "codename": "view_answermodel"}}, {"model": "auth.permission", "pk": 109, "fields": {"name": "Can add question model", "content_type": 28, "codename": "add_questionmodel"}}, {"model": "auth.permission", "pk": 110, "fields": {"name": "Can change question model", "content_type": 28, "codename": "change_questionmodel"}}, {"model": "auth.permission", "pk": 111, "fields": {"name": "Can delete question model", "content_type": 28, "codename": "delete_questionmodel"}}, {"model": "auth.permission", "pk": 112, "fields": {"name": "Can view question model", "content_type": 28, "codename": "view_questionmodel"}}, {"model": "auth.permission", "pk": 113, "fields": {"name": "Can add request model", "content_type": 29, "codename": "add_requestmodel"}}, {"model": "auth.permission", "pk": 114, "fields": {"name": "Can change request model", "content_type": 29, "codename": "change_requestmodel"}}, {"model": "auth.permission", "pk": 115, "fields": {"name": "Can delete request model", "content_type": 29, "codename": "delete_requestmodel"}}, {"model": "auth.permission", "pk": 116, "fields": {"name": "Can view request model", "content_type": 29, "codename": "view_requestmodel"}}, {"model": "contenttypes.contenttype", "pk": 16, "fields": {"app_label": "admin", "model": "logentry"}}, {"model": "contenttypes.contenttype", "pk": 17, "fields": {"app_label": "auth", "model": "permission"}}, {"model": "contenttypes.contenttype", "pk": 18, "fields": {"app_label": "auth", "model": "group"}}, {"model": "contenttypes.contenttype", "pk": 19, "fields": {"app_label": "contenttypes", "model": "contenttype"}}, {"model": "contenttypes.contenttype", "pk": 20, "fields": {"app_label": "sessions", "model": "session"}}, {"model": "contenttypes.contenttype", "pk": 21, "fields": {"app_label": "blogs", "model": "category"}}, {"model": "contenttypes.contenttype", "pk": 22, "fields": {"app_label": "blogs", "model": "tag"}}, {"model": "contenttypes.contenttype", "pk": 23, "fields": {"app_label": "blogs", "model": "postmodel"}}, {"model": "contenttypes.contenttype", "pk": 24, "fields": {"app_label": "accounts", "model": "customuser"}}, {"model": "contenttypes.contenttype", "pk": 25, "fields": {"app_label": "accounts", "model": "like"}}, {"model": "contenttypes.contenttype", "pk": 26, "fields": {"app_label": "accounts", "model": "history"}}, {"model": "contenttypes.contenttype", "pk": 27, "fields": {"app_label": "QA", "model": "answermodel"}}, {"model": "contenttypes.contenttype", "pk": 28, "fields": {"app_label": "QA", "model": "questionmodel"}}, {"model": "contenttypes.contenttype", "pk": 29, "fields": {"app_label": "QA", "model": "requestmodel"}}, {"model": "sessions.session", "pk": "0skbke0t36lr8gkcw0ahbhrcdrera8q8", "fields": {"session_data": ".eJxVjEEOwiAQRe_C2hCgyFiX7nsGMjMwUjU0Ke3KeHdD0oVu_uK_l_dWEfetxL3lNc5JXZVVp9-PkJ-5dpAeWO-L5qVu60y6K_qgTU9Lyq_b4f4FCrbSs84CnC8kA4FkSy4BS7IOnQEYsgAZIx4Te5AQRg7M3hpDfUayqD5f5vA34w:1l61Fz:hjTTUfrH2rb4gjirpvhpolty02AO8SMiCcox4wklLz0", "expire_date": "2021-02-14T01:10:27.143Z"}}, {"model": "sessions.session", "pk": "3aiv8n5xm7lzbx0iepz22k84js3pymbl", "fields": {"session_data": ".eJxVjEEOwiAQRe_C2hCgyFiX7nsGMjMwUjU0Ke3KeHdD0oVu_uK_l_dWEfetxL3lNc5JXZVVp9-PkJ-5dpAeWO-L5qVu60y6K_qgTU9Lyq_b4f4FCrbSs84CnC8kA4FkSy4BS7IOnQEYsgAZIx4Te5AQRg7M3hpDfUayqD5f5vA34w:1koqII:Hf88Lc1PNtMGS7RxINlF5RaH9tgO8AKbOnwHgXL7K-Q", "expire_date": "2020-12-28T16:01:50.816Z"}}, {"model": "sessions.session", "pk": "53d9pyvw7fu1vtk9803rhwrq5ncprn1j", "fields": {"session_data": ".eJxVjEEOwiAQRe_C2hCgyFiX7nsGMjMwUjU0Ke3KeHdD0oVu_uK_l_dWEfetxL3lNc5JXZVVp9-PkJ-5dpAeWO-L5qVu60y6K_qgTU9Lyq_b4f4FCrbSs84CnC8kA4FkSy4BS7IOnQEYsgAZIx4Te5AQRg7M3hpDfUayqD5f5vA34w:1l1qsx:NMFhdxQPutKoR4CEvb-TciLcoDkC5pOuUHaJqJWDjMQ", "expire_date": "2021-02-02T13:17:27.802Z"}}, {"model": "sessions.session", "pk": "60fhy3nt1dc0j82ahh1jryd0jsdnjcxx", "fields": {"session_data": ".eJxVjEEOwiAQRe_C2hCgyFiX7nsGMjMwUjU0Ke3KeHdD0oVu_uK_l_dWEfetxL3lNc5JXZVVp9-PkJ-5dpAeWO-L5qVu60y6K_qgTU9Lyq_b4f4FCrbSs84CnC8kA4FkSy4BS7IOnQEYsgAZIx4Te5AQRg7M3hpDfUayqD5f5vA34w:1knyuC:L9ijlfot3bsrpfp5zflPp-M30q7FJ2b1DtqtWadF05k", "expire_date": "2020-12-26T07:01:24.726Z"}}, {"model": "sessions.session", "pk": "9p6a31q7omvfuuwulfzbwye3betwx832", "fields": {"session_data": ".eJxVjDsOwjAQBe_iGllO4i8lPWewdtdrHEC2FCcV4u4QKQW0b2beS0TY1hK3zkuckziLUZx-NwR6cN1BukO9NUmtrsuMclfkQbu8tsTPy-H-HRTo5Vt7y9PAzqFnsACKkwkho5oG71wgNNlmysoQKZO8YQw6aTZ-ZI3sAMT7A_xpONo:1l4d91:RQF0lp3g-0pfKLZaT5g1Lz0lypTOJUfrNV1oqvGjubU", "expire_date": "2021-02-10T05:13:31.396Z"}}, {"model": "sessions.session", "pk": "d9hzlatmhmacixybuav0v64xmlilyxqw", "fields": {"session_data": "e30:1kvjHd:4UoOt2WDb6z211kF8kZN1-hN2BL2Jw43Q7jsIdzJPdY", "expire_date": "2021-01-16T15:57:37.949Z"}}, {"model": "sessions.session", "pk": "fcf164xdjnpjpaakzyozefwtoooyfl85", "fields": {"session_data": ".eJxVjEEOwiAQRe_C2hCgyFiX7nsGMjMwUjU0Ke3KeHdD0oVu_uK_l_dWEfetxL3lNc5JXZVVp9-PkJ-5dpAeWO-L5qVu60y6K_qgTU9Lyq_b4f4FCrbSs84CnC8kA4FkSy4BS7IOnQEYsgAZIx4Te5AQRg7M3hpDfUayqD5f5vA34w:1l5pfd:Er137giN8l0K_nex67eT1mxeUDLVLnFmnKkb8FqiU84", "expire_date": "2021-02-13T12:48:09.054Z"}}, {"model": "sessions.session", "pk": "h68axzyh7iaif41r5kmd7imijmfprp86", "fields": {"session_data": ".eJxVjEEOwiAQRe_C2hCgyFiX7nsGMjMwUjU0Ke3KeHdD0oVu_uK_l_dWEfetxL3lNc5JXZVVp9-PkJ-5dpAeWO-L5qVu60y6K_qgTU9Lyq_b4f4FCrbSs84CnC8kA4FkSy4BS7IOnQEYsgAZIx4Te5AQRg7M3hpDfUayqD5f5vA34w:1l3fIv:ySS0Y1CLGfocqwZNwaK3ipE03x9kOrvygnoV7_nl_8s", "expire_date": "2021-02-07T13:19:45.325Z"}}, {"model": "sessions.session", "pk": "r40jzu6vtotgvk38rwac823ny7ho3f93", "fields": {"session_data": ".eJxVjEEOwiAQRe_C2hCgyFiX7nsGMjMwUjU0Ke3KeHdD0oVu_uK_l_dWEfetxL3lNc5JXZVVp9-PkJ-5dpAeWO-L5qVu60y6K_qgTU9Lyq_b4f4FCrbSs84CnC8kA4FkSy4BS7IOnQEYsgAZIx4Te5AQRg7M3hpDfUayqD5f5vA34w:1kqdI2:W8DAceENrBYkytjjaqPvXl5gjs8CkUAAumkMD7cSFcA", "expire_date": "2021-01-02T14:32:58.878Z"}}, {"model": "sessions.session", "pk": "yhjhsz728t5qk98ho0i9s7drb9vfhza1", "fields": {"session_data": ".eJxVjEEOwiAQRe_C2pAS6AAu3XsGMjCDVA0kpV013t026UK3_733NxFwXUpYO89hInEVSlx-t4jpxfUA9MT6aDK1usxTlIciT9rlvRG_b6f7d1Cwl71mDehhgJiVs0onZzR49KNmSAAuabIWySKrSH5wsAODaDKM7FKmLD5f0qk4Ig:1l8iA2:4gy82Fjyga3jkYTP_LzMb3ambKpsE3VDj8TUoW5S1Kc", "expire_date": "2021-02-21T11:23:26.842Z"}}, {"model": "blogs.category", "pk": 1, "fields": {"parent": 14, "name": "Word", "slug": "word", "timestamp": "2020-12-03T03:04:48.643Z"}}, {"model": "blogs.category", "pk": 2, "fields": {"parent": 14, "name": "Excel", "slug": "excel", "timestamp": "2020-12-03T03:07:26.298Z"}}, {"model": "blogs.category", "pk": 3, "fields": {"parent": 14, "name": "Power Point", "slug": "ppt", "timestamp": "2020-12-09T03:28:52.163Z"}}, {"model": "blogs.category", "pk": 4, "fields": {"parent": 15, "name": "Gmail", "slug": "gmail", "timestamp": "2020-12-09T03:32:49.610Z"}}, {"model": "blogs.category", "pk": 5, "fields": {"parent": 15, "name": "Googleスプレッドシート", "slug": "spreadsheet", "timestamp": "2020-12-09T03:34:05.271Z"}}, {"model": "blogs.category", "pk": 6, "fields": {"parent": 15, "name": "Googleドライブ", "slug": "drive", "timestamp": "2020-12-09T03:34:27.633Z"}}, {"model": "blogs.category", "pk": 7, "fields": {"parent": 16, "name": "Zoom", "slug": "zoom", "timestamp": "2020-12-09T03:35:34.006Z"}}, {"model": "blogs.category", "pk": 8, "fields": {"parent": 16, "name": "Skype", "slug": "skype", "timestamp": "2020-12-09T03:35:55.144Z"}}, {"model": "blogs.category", "pk": 9, "fields": {"parent": 16, "name": "Slack", "slug": "slack", "timestamp": "2020-12-09T03:36:18.911Z"}}, {"model": "blogs.category", "pk": 10, "fields": {"parent": 17, "name": "Windows便利なショートカットキー", "slug": "shortcutkey_windows", "timestamp": "2020-12-09T03:37:56.103Z"}}, {"model": "blogs.category", "pk": 11, "fields": {"parent": 17, "name": "Windowsおすすめの設定", "slug": "recomendedsetup_windows", "timestamp": "2020-12-09T03:38:54.907Z"}}, {"model": "blogs.category", "pk": 12, "fields": {"parent": 18, "name": "Mac便利なショートカットキー", "slug": "shortcutkey_mac", "timestamp": "2020-12-09T03:41:25.058Z"}}, {"model": "blogs.category", "pk": 13, "fields": {"parent": 18, "name": "Macおすすめの設定", "slug": "recomendedsetup_mac", "timestamp": "2020-12-09T03:41:57.810Z"}}, {"model": "blogs.category", "pk": 14, "fields": {"parent": null, "name": "Office365", "slug": "office365", "timestamp": "2020-12-10T08:38:35.856Z"}}, {"model": "blogs.category", "pk": 15, "fields": {"parent": null, "name": "Googleアプリ", "slug": "google", "timestamp": "2020-12-10T08:39:54.101Z"}}, {"model": "blogs.category", "pk": 16, "fields": {"parent": null, "name": "Web会議システム", "slug": "web_meeting_system", "timestamp": "2020-12-10T08:40:56.907Z"}}, {"model": "blogs.category", "pk": 17, "fields": {"parent": null, "name": "Windows", "slug": "windows", "timestamp": "2020-12-10T08:41:16.060Z"}}, {"model": "blogs.category", "pk": 18, "fields": {"parent": null, "name": "Mac", "slug": "mac", "timestamp": "2020-12-10T08:41:29.654Z"}}, {"model": "blogs.category", "pk": 19, "fields": {"parent": null, "name": "便利ツール", "slug": "convinient", "timestamp": "2020-12-10T08:42:46.642Z"}}, {"model": "blogs.tag", "pk": 1, "fields": {"name": "ppt", "slug": "ppt", "timestamp": "2020-12-11T03:50:37.171Z"}}, {"model": "blogs.postmodel", "pk": 1, "fields": {"category": 1, "title": "Word文章縦書きの方法", "eye_catch": "", "content": "<p>Word文章縦書きの方法、Word文章縦書きの方法、Word文章縦書きの方法、Word文章縦書きの方法、Word文章縦書きの方法、Word文章縦書きの方法、Word文章縦書きの方法、Word文章縦書きの方法</p>", "description": "文章を縦書きにする方法の解説です。文章を縦書きにする方法の解説です。文章を縦書きにする方法の解説です。文章を縦書きにする方法の解説です。文章を縦書きにする方法の解説です。文章を縦書きにする方法の解説です。文章を縦書きにする方法の解説です。文章を縦書きにする方法の解説です。文章を縦書きにする方法の解説です。文章を縦書きにする方法の解説です。", "created_at": "2020-12-09T03:48:30.103Z", "updated_at": "2021-02-08T11:52:27.444Z", "published_at": "2020-12-09T03:48:24Z", "is_public": true, "views": 19, "tags": []}}, {"model": "blogs.postmodel", "pk": 2, "fields": {"category": 2, "title": "Excel 使い方", "eye_catch": "", "content": "<p>ExcelExcelExcelExcelExcelExcelExcelExcelExcelExcelExcel</p>\r\n\r\n<p>&nbsp;</p>\r\n\r\n<p>ExcelExcelExcelExcelExcelExcelExcelExcelExcelExcelExcel</p>\r\n\r\n<p>&nbsp;</p>\r\n\r\n<p>ExcelExcelExcelExcelExcelExcelExcelExcelExcelExcelExcel</p>\r\n\r\n<p>ExcelExcelExcelExcelExcelExcelExcelExcelExcelExcelExcel</p>\r\n\r\n<p>ExcelExcelExcelExcelExcelExcelExcelExcelvvExcelExcelExcel</p>", "description": "これはテストです。これはテストです。これはテストです。これはテストです。これはテストです。これはテストです。これはテストです。これはテストです。これはテストです。これはテストです。これはテストです。これはテストです。これはテストです。これはテストです。これはテストです。これはテストです。これはテストです。", "created_at": "2020-12-09T04:16:26.753Z", "updated_at": "2021-02-08T11:52:49.669Z", "published_at": "2020-12-09T04:16:23Z", "is_public": false, "views": 5, "tags": []}}, {"model": "blogs.postmodel", "pk": 3, "fields": {"category": 3, "title": "pptの使い方", "eye_catch": "", "content": "<p>pptの使い方pptの使い方pptの使い方pptの使い方pptの使い方pptの使い方pptの使い方pptの使い方</p>\r\n\r\n<p>pptの使い方pptの使い方pptの使い方pptの使い方pptの使い方pptの使い方pptの使い方pptの使い方pptの使い方</p>\r\n\r\n<p>pptの使い方pptの使い方pptの使い方pptの使い方pptの使い方pptの使い方pptの使い方pptの使い方</p>\r\n\r\n<p>&nbsp;</p>\r\n\r\n<p>pptの使い方pptの使い方pptの使い方pptの使い方pptの使い方pptの使い方</p>", "description": "pptの使い方pptの使い方pptの使い方pptの使い方pptの使い方pptの使い方pptの使い方pptの使い方pptの使い方pptの使い方pptの使い方pptの使い方pptの使い方pptの使い方pptの使い方pptの使い方pptの使い方pptの使い方pptの使い方pptの使い方pptの使い方pptの使い方pptの使い方pptの使い方pptの使い方pptの使い方pptの使い方", "created_at": "2020-12-09T04:17:29.541Z", "updated_at": "2021-02-08T02:27:28.807Z", "published_at": "2020-12-09T04:17:22Z", "is_public": true, "views": 121, "tags": []}}, {"model": "blogs.postmodel", "pk": 4, "fields": {"category": 4, "title": "Gmailの使い方", "eye_catch": "", "content": "<p>Gmailの使い方Gmailの使い方Gmailの使い方Gmailの使い方Gmailの使い方Gmailの使い方Gmailの使い方Gmailの使い方Gmailの使い方Gmailの使い方Gmailの使い方Gmailの使い方Gmailの使い方Gmailの使い方Gmailの使い方Gmailの使い方Gmailの使い方Gmailの使い方Gmailの使い方Gmailの使い方Gmailの使い方Gmailの使い方<br />\r\n&nbsp;</p>\r\n\r\n<p>Gmailの使い方Gmailの使い方Gmailの使い方Gmailの使い方Gmailの使い方Gmailの使い方Gmailの使い方Gmailの使い方Gmailの使い方Gmailの使い方Gmailの使い方Gmailの使い方Gmailの使い方Gmailの使い方Gmailの使い方Gmailの使い方</p>", "description": "Gmailの使い方Gmailの使い方Gmailの使い方Gmailの使い方Gmailの使い方Gmailの使い方Gmailの使い方Gmailの使い方Gmailの使い方Gmailの使い方Gmailの使い方Gmailの使い方Gmailの使い方Gmailの使い方Gmailの使い方Gmailの使い方Gmailの使い方Gmailの使い方Gmailの使い方Gmailの使い方Gmailの使い方Gmailの使い方", "created_at": "2020-12-09T04:18:26.942Z", "updated_at": "2021-02-08T11:52:42.549Z", "published_at": "2020-12-09T04:18:22Z", "is_public": true, "views": 2, "tags": []}}, {"model": "blogs.postmodel", "pk": 5, "fields": {"category": 5, "title": "Googleスプレッドシートの使い方", "eye_catch": "", "content": "<p>スプレッドシートの使い方スプレッドシートの使い方スプレッドシートの使い方スプレッドシートの使い方スプレッドシートの使い方スプレッドシートの使い方スプレッドシートの使い方スプレッドシートの使い方スプレッドシートの使い方スプレッドシートの使い方スプレッドシートの使い方スプレッドシートの使い方スプレッドシートの使い方スプレッドシートの使い方スプレッドシートの使い方スプレッドシートの使い方スプレッドシートの使い方スプレッドシートの使い方スプレッドシートの使い方スプレッドシートの使い方スプレッドシートの使い方スプレッドシートの使い方スプレッドシートの使い方スプレッドシートの使い方スプレッドシートの使い方スプレッドシートの使い方スプレッドシートの使い方スプレッドシートの使い方スプレッドシートの使い方</p>", "description": "スプレッドシートの使い方スプレッドシートの使い方スプレッドシートの使い方スプレッドシートの使い方スプレッドシートの使い方スプレッドシートの使い方スプレッドシートの使い方スプレッドシートの使い方スプレッドシートの使い方スプレッドシートの使い方スプレッドシートの使い方スプレッドシートの使い方スプレッドシートの使い方スプレッドシートの使い方スプレッドシートの使い方スプレッドシートの使い方スプレッドシートの使い方スプレッドシートの使い方スプレッドシートの使い方", "created_at": "2020-12-09T04:19:28.364Z", "updated_at": "2021-02-08T11:53:59.492Z", "published_at": "2020-12-09T04:19:24Z", "is_public": true, "views": 1, "tags": []}}, {"model": "blogs.postmodel", "pk": 6, "fields": {"category": 6, "title": "ドライブの使い方", "eye_catch": "", "content": "<p>ドライブの使い方ドライブの使い方ドライブの使い方ドライブの使い方ドライブの使い方ドライブの使い方ドライブの使い方ドライブの使い方ドライブの使い方ドライブの使い方ドライブの使い方ドライブの使い方ドライブの使い方ドライブの使い方ドライブの使い方ドライブの使い方ドライブの使い方ドライブの使い方ドライブの使い方ドライブの使い方ドライブの使い方ドライブの使い方ドライブの使い方ドライブの使い方ドライブの使い方ドライブの使い方ドライブの使い方ドライブの使い方ドライブの使い方ドライブの使い方</p>\r\n\r\n<p>&nbsp;</p>\r\n\r\n<p>ドライブの使い方ドライブの使い方ドライブの使い方ドライブの使い方ドライブの使い方ドライブの使い方ドライブの使い方ドライブの使い方ドライブの使い方ドライブの使い方ドライブの使い方ドライブの使い方ドライブの使い方ドライブの使い方ドライブの使い方ドライブの使い方ドライブの使い方ドライブの使い方ドライブの使い方ドライブの使い方ドライブの使い方ドライブの使い方</p>", "description": "ドライブの使い方ドライブの使い方ドライブの使い方ドライブの使い方ドライブの使い方ドライブの使い方ドライブの使い方ドライブの使い方ドライブの使い方ドライブの使い方ドライブの使い方ドライブの使い方ドライブの使い方ドライブの使い方ドライブの使い方ドライブの使い方ドライブの使い方ドライブの使い方ドライブの使い方", "created_at": "2020-12-09T04:20:24.624Z", "updated_at": "2021-02-08T11:52:55.134Z", "published_at": "2020-12-09T02:47:36Z", "is_public": true, "views": 5, "tags": []}}, {"model": "blogs.postmodel", "pk": 7, "fields": {"category": 3, "title": "pptを使った効果的な資料の作り方", "eye_catch": "media/django-pic.png", "content": "<p><img alt=\"\" src=\"/media/uploads/2020/12/12/emile-perron-xrvdyzrgdw4-unsplash_3ZQNQ4I.jpg\" /><br />\r\nこの記事では、パワーポイントでプレゼンテーション資料を作る際に、きれいなデザインに仕上げるポイントをご説明します。</p>\r\n\r\n<p>スライドのデザインを意識すれば情報も整理され、相手に伝わる度合いも格段と高くなります。</p>\r\n\r\n<p>プレゼンテーションでしゃべるのが苦手な方も、事前準備ができるデザインでカバーすれば、双方にとってより充実した時間となるでしょう。</p>\r\n\r\n<h2>プレゼンテーション資料のデザインのコツ</h2>\r\n\r\n<h3>見やすい文字</h3>\r\n\r\n<p>文字を見やすく、読みやすくするために意識することはたくさんありますので、その中でも抑えておくべきポイントを説明します。</p>\r\n\r\n<h4>文字の大きさ調整で見える文章に</h4>\r\n\r\n<p>文字の大きさについては、「最低限何pt（ポイント）以上」というルールはありません。プレゼンテーションを行う環境で変化させるのがベストです。</p>\r\n\r\n<h4>文字の大きさを確認する</h4>\r\n\r\n<p>例えばプロジェクターが投影する画面の大きさや、PCの解像度、参加者と画面の距離などを考慮しましょう。</p>\r\n\r\n<p>もし事前に本番時のプロジェクターやルームを借りることができたら、画面から一番遠い席に座って、文字の読める範囲での「最小pt数」を確認しておくと安心です。</p>\r\n\r\n<h4>資料の内容やデザインに合わせて字体を変更する</h4>\r\n\r\n<p>字体も決められているわけではありませんが、どの字体にどのような効果があるのか、事前に把握しておきましょう。大まかに4別したフォントで紹介します。</p>\r\n\r\n<h3>書体の決め方</h3>\r\n\r\n<p>「明朝体」は、小説など長い文章を読ませるのに向いておりますが、プレゼンテーションでは短い文章で構成されるため向いておりません。さらに明朝体は横線が細いので、ディスプレイに映した時に文字がかすれて見づらくなります。</p>\r\n\r\n<p>「ゴシック体」は、プレゼンテーション資料に一番向いている書体です。読ませる（明朝体）というより、見せるための書体と考えてください。気をつける点は、ゴシック体の太さを細くしすぎると文字がかすれて見づらくなります。</p>\r\n\r\n<p><br />\r\n&nbsp;<br />\r\n「筆書体」は、筆で書いた文字を再現したような書体で、よくラーメン屋のロゴなどに利用されております。文章を読ませる文字ではないので、プレゼンテーションで利用する機会はほとんどないでしょう。</p>\r\n\r\n<p>「デザイン書体」は、上記以外の文字と捉えてください。例えば手書き風の文字やポップ体などが含まれます。可愛く見せたい場合などに手書き風やポップ体を利用しても問題はないですが、クセが強く、読みづらい文字を選ぶのは避けましょう。</p>\r\n\r\n<h4>書体を統一する</h4>\r\n\r\n<p>書体の種類が多すぎると、書体が変わるごとに脳を切り替えないとなりません。余計な情報量が増えてしまうので、なるべく利用する数を減らしましょう。</p>\r\n\r\n<h3>背景のデザイン</h3>\r\n\r\n<p>背景は、表紙以外のすべてのスライドに共通して利用されるデザインです。</p>\r\n\r\n<p>スライドの背景についてデザイン視点でお話しますと、「白地」もしくは「淡い色の塗りつぶし」以外にあまり意識する必要はありません。</p>\r\n\r\n<p>ついコテコテに賑やかしをしたくなりがちですが、プレゼンテーションの本質はコンテンツの中身を見てもらう・読んでもらうことです。</p>\r\n\r\n<p>コンテンツを見るのに背景のあしらいは必要ありません。もしどうしてもというのであれば、端っこの方に一つだけモチーフを入れると良いでしょう。</p>", "description": "この記事では、パワーポイントでプレゼンテーション資料を作る際に、きれいなデザインに仕上げるポイントをご説明します。スライドのデザインを意識すれば情報も整理され、相手に伝わる度合いも格段と高くなります。プレゼンテーションでしゃべるのが苦手な方も、事前準備ができるデザインでカバーすれば、双方にとってより充実した時間となるでしょう。", "created_at": "2020-12-11T03:50:08.692Z", "updated_at": "2021-02-08T06:14:18.075Z", "published_at": "2020-12-11T04:00:35Z", "is_public": true, "views": 210, "tags": [1]}}, {"model": "blogs.postmodel", "pk": 8, "fields": {"category": 3, "title": "pptをきれいに見せるコツ", "eye_catch": "", "content": "<p>pptをきれいに見せるコツpptをきれいに見せるコツpptをきれいに見せるコツpptをきれいに見せるコツpptをきれいに見せるコツpptをきれいに見せるコツpptをきれいに見せるコツpptをきれいに見せるコツpptをきれいに見せるコツpptをきれいに見せるコツpptをきれいに見せるコツ</p>", "description": "pptをきれいに見せるコツpptをきれいに見せるコツpptをきれいに見せるコツpptをきれいに見せるコツpptをきれいに見せるコツpptをきれいに見せるコツpptをきれいに見せるコツpptをきれいに見せるコツpptをきれいに見せるコツpptをきれいに見せるコツpptをきれいに見せるコツpptをきれいに見せるコツ", "created_at": "2020-12-12T08:13:41.733Z", "updated_at": "2021-02-08T11:53:30.525Z", "published_at": "2020-12-14T07:44:19Z", "is_public": true, "views": 153, "tags": []}}, {"model": "blogs.postmodel", "pk": 9, "fields": {"category": 4, "title": "gmailアカウントの取得方法", "eye_catch": "", "content": "<p>gmailアカウントの取得方法gmailアカウントの取得方法gmailアカウントの取得方法gmailアカウントの取得方法gmailアカウントの取得方法gmailアカウントの取得方法gmailアカウントの取得方法gmailアカウントの取得方法gmailアカウントの取得方法gmailアカウントの取得方法gmailアカウントの取得方法</p>", "description": "gmailアカウントの取得方法gmailアカウントの取得方法gmailアカウントの取得方法gmailアカウントの取得方法gmailアカウントの取得方法gmailアカウントの取得方法gmailアカウントの取得方法gmailアカウントの取得方法gmailアカウントの取得方法gmailアカウントの取得方法gmailアカウントの取得方法gmailアカウントの取得方法gmailアカウントの取得方法", "created_at": "2021-02-08T11:56:01.082Z", "updated_at": "2021-02-08T11:56:01.082Z", "published_at": null, "is_public": false, "views": 0, "tags": []}}, {"model": "blogs.postmodel", "pk": 10, "fields": {"category": 2, "title": "Excelで「必ず覚えておくべき」関数", "eye_catch": "", "content": "<p>Excelで「必ず覚えておくべき」Excelで「必ず覚えておくべき」Excelで「必ず覚えておくべき」Excelで「必ず覚えておくべき」Excelで「必ず覚えておくべき」</p>", "description": "Excel関数を使用すると、手作業とは比較にならないほど速く、正確にあらゆる計算を処理できます。作業効率や正確性を向上させるうえで、関数の使用は必須です。業務効率アップのために関数を使いこなしましょう", "created_at": "2021-02-08T11:57:12.118Z", "updated_at": "2021-02-08T11:58:05.025Z", "published_at": null, "is_public": false, "views": 0, "tags": []}}, {"model": "blogs.postmodel", "pk": 11, "fields": {"category": 9, "title": "Slackとの連携で効率化アップ", "eye_catch": "", "content": "<p>Slackとの連携で効率化アップ&nbsp;Slackとの連携で効率化アップ&nbsp;Slackとの連携で効率化アップ&nbsp;Slackとの連携で効率化アップ&nbsp;Slackとの連携で効率化アップ&nbsp;Slackとの連携で効率化アップ&nbsp;Slackとの連携で効率化アップ&nbsp;Slackとの連携で効率化アップ&nbsp;Slackとの連携で効率化アップ&nbsp;Slackとの連携で効率化アップ&nbsp;</p>", "description": "一見ただのチャットツールである Slackですが、あらゆるアプリと連携させることができます。これにより、操作の工数を減らすことができ、ひいては業務の効率化へと繋げることができます。\r\nこの特徴が、Slackが他のチャットツールと大きく違う点であり、利用者が急増している要因の一つと言ってもいいのではないでしょうか。", "created_at": "2021-02-08T11:59:27.546Z", "updated_at": "2021-02-08T11:59:27.546Z", "published_at": null, "is_public": false, "views": 0, "tags": []}}, {"model": "blogs.postmodel", "pk": 12, "fields": {"category": 6, "title": "googleドライブを使いこなすためのポイント", "eye_catch": "", "content": "<p>googleドライブを使いこなすためのポイントgoogleドライブを使いこなすためのポイントgoogleドライブを使いこなすためのポイントgoogleドライブを使いこなすためのポイントgoogleドライブを使いこなすためのポイントgoogleドライブを使いこなすためのポイントgoogleドライブを使いこなすためのポイント</p>", "description": "googleドライブを使いこなすためのポイントgoogleドライブを使いこなすためのポイントgoogleドライブを使いこなすためのポイントgoogleドライブを使いこなすためのポイントgoogleドライブを使いこなすためのポイントgoogleドライブを使いこなすためのポイントgoogleドライブを使いこなすためのポイントgoogleドライブを使いこなすためのポイントgoogleドライブを使いこなすためのポイントgoogleドライブを使いこなすためのポイントgoogleドライブを使いこなすためのポイントgoogleドライブを使いこなすためのポイントgoogleドライブを使いこなすためのポイント", "created_at": "2021-02-08T12:01:00.299Z", "updated_at": "2021-02-08T12:01:00.299Z", "published_at": null, "is_public": false, "views": 0, "tags": []}}, {"model": "blogs.postmodel", "pk": 13, "fields": {"category": 18, "title": "Mac オススメショートカットキー", "eye_catch": "", "content": "<p>Mac オススメショートカットキーMac オススメショートカットキーMac オススメショートカットキーMac オススメショートカットキーMac オススメショートカットキーMac オススメショートカットキーMac オススメショートカットキーMac オススメショートカットキーMac オススメショートカットキーMac オススメショートカットキーMac オススメショートカットキー</p>", "description": "Mac オススメショートカットキーMac オススメショートカットキーMac オススメショートカットキーMac オススメショートカットキーMac オススメショートカットキーMac オススメショートカットキーMac オススメショートカットキーMac オススメショートカットキーMac オススメショートカットキーMac オススメショートカットキーMac オススメショートカットキーMac オススメショートカットキー", "created_at": "2021-02-08T12:03:22.097Z", "updated_at": "2021-02-08T12:04:28.634Z", "published_at": null, "is_public": false, "views": 0, "tags": []}}, {"model": "blogs.postmodel", "pk": 14, "fields": {"category": 19, "title": "google翻訳のオススメの使い方", "eye_catch": "", "content": "<p>google翻訳のオススメの使い方google翻訳のオススメの使い方google翻訳のオススメの使い方google翻訳のオススメの使い方google翻訳のオススメの使い方google翻訳のオススメの使い方google翻訳のオススメの使い方google翻訳のオススメの使い方google翻訳のオススメの使い方google翻訳のオススメの使い方google翻訳のオススメの使い方google翻訳のオススメの使い方</p>", "description": "google翻訳のオススメの使い方google翻訳のオススメの使い方google翻訳のオススメの使い方google翻訳のオススメの使い方google翻訳のオススメの使い方google翻訳のオススメの使い方google翻訳のオススメの使い方google翻訳のオススメの使い方google翻訳のオススメの使い方google翻訳のオススメの使い方google翻訳のオススメの使い方google翻訳のオススメの使い方google翻訳のオススメの使い方google翻訳のオススメの使い方", "created_at": "2021-02-08T12:05:22.826Z", "updated_at": "2021-02-08T12:05:41.089Z", "published_at": null, "is_public": false, "views": 0, "tags": []}}, {"model": "accounts.customuser", "pk": 1, "fields": {"last_login": "2021-02-08T11:34:56.829Z", "is_superuser": true, "username": "shogosaito", "first_name": "", "last_name": "", "is_staff": true, "is_active": true, "date_joined": "2020-12-03T03:03:54.026Z", "email": "shogo6768@gmail.com", "password": "pbkdf2_sha256$216000$mN4dwTOdYyMM$CjZrax5kxyBWDJa3bbPqpcrmNRbbnvk3Aa+pzPqUggs=", "groups": [], "user_permissions": []}}, {"model": "accounts.customuser", "pk": 2, "fields": {"last_login": "2021-01-27T05:13:31.392Z", "is_superuser": true, "username": "shogo6768", "first_name": "", "last_name": "", "is_staff": true, "is_active": true, "date_joined": "2020-12-03T03:06:21.584Z", "email": "shogo6768@gmail.com", "password": "pbkdf2_sha256$216000$upsPpqdqiqQr$f7Mdkx/euUgT1Dp3pi+Rhi0SlXfcHHh9b9OTCV5Ai5w=", "groups": [], "user_permissions": []}}, {"model": "accounts.customuser", "pk": 3, "fields": {"last_login": "2020-12-03T03:08:25.488Z", "is_superuser": false, "username": "test", "first_name": "", "last_name": "", "is_staff": false, "is_active": true, "date_joined": "2020-12-03T03:08:25.346Z", "email": "shogo6768@gmail.com", "password": "pbkdf2_sha256$216000$lPhbNIlmjdDM$7oycnXAbeEA/T9yZJLokkc8hNUTeKYN2VhMpryolN8s=", "groups": [], "user_permissions": []}}, {"model": "accounts.customuser", "pk": 4, "fields": {"last_login": "2020-12-29T07:42:43.636Z", "is_superuser": false, "username": "nakmamlaaa", "first_name": "", "last_name": "", "is_staff": false, "is_active": true, "date_joined": "2020-12-29T07:42:43.503Z", "email": "shogoaaaaa@gmail.com", "password": "pbkdf2_sha256$216000$Gqxm2eibZbEY$V1tOx/wwrJP8Td4NYP14ThLZ5tTdlGGB2zv41JOr6PY=", "groups": [], "user_permissions": []}}, {"model": "accounts.customuser", "pk": 5, "fields": {"last_login": "2021-01-02T15:57:37.953Z", "is_superuser": false, "username": "Shogo", "first_name": "", "last_name": "", "is_staff": false, "is_active": true, "date_joined": "2021-01-02T15:57:37.812Z", "email": "shogo@gmail.com", "password": "pbkdf2_sha256$216000$w3dhewAWhNZ4$b9pW52/l3BPmZW5TzZCR80yN4eAHKew+Ruzk7hVyb6U=", "groups": [], "user_permissions": []}}, {"model": "accounts.customuser", "pk": 6, "fields": {"last_login": "2021-02-07T04:45:55.909Z", "is_superuser": false, "username": "testA", "first_name": "", "last_name": "", "is_staff": false, "is_active": true, "date_joined": "2021-02-07T04:45:55.774Z", "email": "shogo6768@gmail.com", "password": "pbkdf2_sha256$216000$ULkjjujkYVat$Bm/v2Vp83hYDXpeieeSErCXpH/J8PrXbuZ+/AjHAlx0=", "groups": [], "user_permissions": []}}, {"model": "accounts.customuser", "pk": 7, "fields": {"last_login": "2021-02-07T13:13:26.257Z", "is_superuser": false, "username": "testB", "first_name": "", "last_name": "", "is_staff": false, "is_active": true, "date_joined": "2021-02-07T13:13:26.126Z", "email": "shogo6768@gmail.com", "password": "pbkdf2_sha256$216000$TUrUbmAMhR9H$FsPgyheGc7uJ7nVZUEkvZAUdq7tPN5L3g4DB0IaG6jM=", "groups": [], "user_permissions": []}}, {"model": "accounts.like", "pk": 1, "fields": {"user": 1, "post": 1, "created_at": "2021-01-19T02:00:50.666Z", "updated_at": "2021-01-19T02:00:50.666Z"}}, {"model": "accounts.like", "pk": 2, "fields": {"user": 1, "post": 7, "created_at": "2021-01-19T02:01:25.164Z", "updated_at": "2021-01-19T02:01:25.164Z"}}, {"model": "accounts.history", "pk": 1, "fields": {"user": 1, "post": 1, "created_at": "2021-01-19T02:00:47.980Z", "updated_at": "2021-01-19T02:00:47.980Z"}}, {"model": "accounts.history", "pk": 12, "fields": {"user": 1, "post": 4, "created_at": "2021-01-19T07:59:14.489Z", "updated_at": "2021-01-19T07:59:14.489Z"}}, {"model": "accounts.history", "pk": 21, "fields": {"user": 6, "post": 7, "created_at": "2021-02-07T04:51:55.392Z", "updated_at": "2021-02-07T04:51:55.392Z"}}, {"model": "accounts.history", "pk": 23, "fields": {"user": 1, "post": 3, "created_at": "2021-02-08T02:27:28.800Z", "updated_at": "2021-02-08T02:27:28.800Z"}}, {"model": "accounts.history", "pk": 24, "fields": {"user": 1, "post": 8, "created_at": "2021-02-08T06:14:08.597Z", "updated_at": "2021-02-08T06:14:08.597Z"}}, {"model": "accounts.history", "pk": 25, "fields": {"user": 1, "post": 7, "created_at": "2021-02-08T06:14:18.064Z", "updated_at": "2021-02-08T06:14:18.064Z"}}, {"model": "QA.questionmodel", "pk": 13, "fields": {"title": "パソコンで作ったパワポが印刷できず、エラー発生", "category": 3, "tags": "ppt", "content": "<p>パソコンで作ったパワポが印刷できず、エラーが出てしまいました。<br />\r\n何回やっても自宅のプリンターと繋がらず、パワポの印刷の画面には印刷待ちとしか出ていないです。<br />\r\nWindows10です。<br />\r\n最新の状態にアップデートもされています。<br />\r\n今まで何の問題もなくPDFファイルなど印刷出来ていて、こんなことは今回が初めてです&hellip;</p>", "created_by": 6, "created_at": "2021-02-07T04:49:47.266Z", "updated_at": "2021-02-08T00:50:54.059Z", "views": 14}}, {"model": "QA.questionmodel", "pk": 14, "fields": {"title": "エクセル　COUNTIFS関数　正答率の順位付け", "category": 2, "tags": "excel", "content": "<p>エクセルに関しての質問です。<br />\r\n下記条件に基づいて、D列にある正答率の順位付けを行いたいです。<br />\r\n※画像の回答数、正答率の数値は一例のため適当です。<br />\r\n①回答数が30件以上のみ<br />\r\n②回答数が30件より少ない場合は順位付けしない</p>\r\n\r\n<p>ネットで調べてCOUNTIFS関数を駆使して算出しようとしていますが正しい順位の数値が返りません。</p>\r\n\r\n<p><img alt=\"\" src=\"/media/uploads/2021/02/07/excel_JCG2dwe.png\" style=\"height:265px; width:733px\" /></p>", "created_by": 1, "created_at": "2021-02-07T12:54:39.386Z", "updated_at": "2021-02-08T02:25:26.982Z", "views": 9}}, {"model": "QA.questionmodel", "pk": 15, "fields": {"title": "Zoomって無料ですか？？", "category": 7, "tags": "zoom", "content": "<p>Zoomって無料ですか？？</p>", "created_by": 1, "created_at": "2021-02-07T12:58:44.578Z", "updated_at": "2021-02-07T13:47:11.700Z", "views": 3}}, {"model": "QA.questionmodel", "pk": 16, "fields": {"title": "Googleスプレッドシートのメリットデメリット", "category": 5, "tags": "Googleスプレッドシート", "content": "<p>Googleスプレッドシートのメリット・デメリットをExcelと比較してお願いします。</p>\r\n\r\n<p>&nbsp;</p>", "created_by": 1, "created_at": "2021-02-07T13:11:52.542Z", "updated_at": "2021-02-08T11:44:50.968Z", "views": 3}}, {"model": "QA.questionmodel", "pk": 17, "fields": {"title": "Macのショートカットキー", "category": 12, "tags": "Mac", "content": "<p>Macのショートカットキーでコピー、ペーストを教えてください。</p>", "created_by": 7, "created_at": "2021-02-07T13:43:29.331Z", "updated_at": "2021-02-08T11:47:29.709Z", "views": 3}}, {"model": "QA.questionmodel", "pk": 18, "fields": {"title": "slackアプリ削除方法", "category": 9, "tags": "slack", "content": "<p>チャンネルに招待したアプリを削除する方法を教えてください。<br />\r\n編集&rarr;削除を選択しても削除に失敗しました、再試行してくださいというメッセージが表示されてしまいます。</p>", "created_by": 7, "created_at": "2021-02-07T13:46:15.257Z", "updated_at": "2021-02-08T09:03:42.314Z", "views": 1}}, {"model": "QA.answermodel", "pk": 15, "fields": {"question": 13, "answer": "<p>プリンターとの接続状態を確認してみてはいかがでしょうか。</p>", "created_by": 7, "created_at": "2021-02-07T13:18:45.999Z", "updated_at": "2021-02-07T13:18:45.999Z"}}, {"model": "QA.answermodel", "pk": 16, "fields": {"question": 14, "answer": "<p>添付では いかがですか？<br />\r\n=IF(C3&lt;30,&quot;&quot;,COUNTIFS(C:C,&quot;&gt;=30&quot;,D:D,&quot;&gt;&quot;&amp;D3)+1)<br />\r\nまた 同位をさけるなら<br />\r\n=IF(C3&lt;30,&quot;&quot;,COUNTIFS(C:C,&quot;&gt;=30&quot;,D:D,&quot;&gt;&quot;&amp;D3)+COUNTIF(D$3:D3,D3))</p>\r\n\r\n<p>同位をさけておけば Ｇ：Ｈ列に 順位別に 並べられます。<br />\r\n３０人も つければ 横に 順位をひぃうじしても 見にくいでしょう</p>\r\n\r\n<p><img alt=\"\" src=\"/media/uploads/2021/02/07/ans-570767678_SCww9oH.png\" style=\"height:166px; width:320px\" /></p>", "created_by": 7, "created_at": "2021-02-07T13:28:42.931Z", "updated_at": "2021-02-07T13:28:42.931Z"}}, {"model": "QA.answermodel", "pk": 17, "fields": {"question": 15, "answer": "<p>無料もあれば有料もあります。</p>", "created_by": 7, "created_at": "2021-02-07T13:47:11.691Z", "updated_at": "2021-02-07T13:47:11.691Z"}}]